location,name,,website_url,,,membership_status,public_hrs,,,phone,type,lights,courts,
Agincourt Park,Agincourt Tennis Club,Club:,http://www.agincourttennisclub.ca,http://www.agincourttennisclub.ca/,Membership:,Open,Sundays 2 p.m. - 4 p.m.,Tuesdays 4 p.m. - 6 p.m.,https://www.toronto.ca/services-payments/venues-facilities-bookings/booking-park-recreation-facilities/parks-and-recreation-facilities/parks-and-community-recreation-centres-map/%22#location=27%20%20Glen%20Watford%20Dr%20&lat=43.7882598434&lng=-79.2749181798&zoom=15,311,Club,Yes,4,
Alamosa Park,Bridlebrook Tennis Club,Club:,http://www.nyta.org,http://www.nyta.org/,Membership:,Open,,,https://www.toronto.ca/services-payments/venues-facilities-bookings/booking-park-recreation-facilities/parks-and-recreation-facilities/parks-and-community-recreation-centres-map/%22#location=111%20%20Alamosa%20Dr%20&lat=43.7810883366&lng=-79.3695581505&zoom=15,416-496-0225,Club,No,3,
Banbury Park,Banbury Tennis Club,Club:,http://www.banburytennisclub.net,http://www.banburytennisclub.net/,Membership:,Open,Sundays 2 p.m. - 5 p.m.,Saturdays 2 p.m. - 5 p.m.,https://www.toronto.ca/services-payments/venues-facilities-bookings/booking-park-recreation-facilities/parks-and-recreation-facilities/parks-and-community-recreation-centres-map/%22#location=120%20%20Banbury%20Rd%20&lat=43.7427740036&lng=-79.3698734894&zoom=15,416-443- 0941,Club,Yes,4,
Beaches Park,Kew Gardens Tennis Club,Club:,http://www.kewgardenstennis.ca,http://www.kewgardenstennis.ca/,Membership:,Open,Sundays 4 p.m. - 10 p.m.,,https://www.toronto.ca/services-payments/venues-facilities-bookings/booking-park-recreation-facilities/parks-and-recreation-facilities/parks-and-community-recreation-centres-map/%22#location=2075%20Queen%20St%20E&lat=43.6661298729&lng=-79.2985090973&zoom=15,416-699-1635,Club,Yes,10,
Bellbury Park,Bellbury Tennis Club,Club:,http://www.bellburytennisclub.com,http://www.bellburytennisclub.com/,Membership:,Open,Sundays 12 p.m. - 3 p.m.,Saturdays 12 p.m. - 3 p.m.,https://www.toronto.ca/services-payments/venues-facilities-bookings/booking-park-recreation-facilities/parks-and-recreation-facilities/parks-and-community-recreation-centres-map/%22#location=55%20%20Van%20Horne%20Ave.%20&lat=43.7836678733&lng=-79.3613025515&zoom=15,416-806-0654,Club,Yes,5,
Bennington Heights Park,Bennington Heights Tennis Club,Club:,http://www.benningtonheightstennis.org,http://www.benningtonheightstennis.org/,Membership:,Open,Saturdays 8 p.m. - 11 p.m.,Sundays 8 p.m. - 11 p.m.,https://www.toronto.ca/services-payments/venues-facilities-bookings/booking-park-recreation-facilities/parks-and-recreation-facilities/parks-and-community-recreation-centres-map/%22#location=465%20%20Heath%20St%20E&lat=43.6950046581&lng=-79.3695658694&zoom=15,311,Club,Yes,2,
Bond Park,"Nyta Winter Tennis Club,The Don Mills Tennis Club",Club:,http://www.nywintertennisclub.com,http://www.nywintertennisclub.com/,Membership:,Open,Saturdays 9 p.m. - 11 p.m.,Sundays 8 a.m. - 10 a.m. and 9 p.m. - 11 p.m.,https://www.toronto.ca/services-payments/venues-facilities-bookings/booking-park-recreation-facilities/parks-and-recreation-facilities/parks-and-community-recreation-centres-map/%22#location=120%20%20Bond%20Ave%20&lat=43.7464153718&lng=-79.3512499027&zoom=15,416 444-7311,Club,Yes,6,
Botany Hill Park,Botany Hill Park,Club:,,,,,,,https://www.toronto.ca/services-payments/venues-facilities-bookings/booking-park-recreation-facilities/parks-and-recreation-facilities/parks-and-community-recreation-centres-map/%22#location=277%20%20Orton%20Park%20Rd%20&lat=43.7781008052&lng=-79.2115040427&zoom=15,311,Club,Yes,4,
Bridlewood Park,Bridlewood Tennis Club,Club:,http://www.bridlewoodtennis.ca,http://www.bridlewoodtennis.ca/,Membership:,Open,Saturdays 4 p.m. - 7 p.m.,Sundays 4 p.m. - 7 p.m.,https://www.toronto.ca/services-payments/venues-facilities-bookings/booking-park-recreation-facilities/parks-and-recreation-facilities/parks-and-community-recreation-centres-map/%22#location=445%20%20Huntingwood%20Dr%20&lat=43.7829182599&lng=-79.3162401527&zoom=15,311,Club,Yes,3,
Broadlands Park,O'Connor Hills Tennis Club,Club:,http://www.oconnorhillstennis.com,http://www.oconnorhillstennis.com/,Membership:,Open,Saturdays 3 p.m. - 6 p.m.,Sundays 3 p.m. - 6 p.m.,https://www.toronto.ca/services-payments/venues-facilities-bookings/booking-park-recreation-facilities/parks-and-recreation-facilities/parks-and-community-recreation-centres-map/%22#location=19%20%20Castlegrove%20Blvd%20&lat=43.7459134839&lng=-79.321292499&zoom=15,416-707-5930,Club,Yes,4,
Cassandra Park,Parkway Valley Tennis Club,Club:,http://www.pvtc.ca,http://www.pvtc.ca/,Membership:,Open,Saturdays 4 p.m. - 7 p.m.,Sundays 4 p.m. - 7 p.m.,https://www.toronto.ca/services-payments/venues-facilities-bookings/booking-park-recreation-facilities/parks-and-recreation-facilities/parks-and-community-recreation-centres-map/%22#location=230%20%20Cassandra%20Blvd%20&lat=43.7547695052&lng=-79.3183752092&zoom=15,416-391-3962,Club,Yes,4,
Charlottetown Park,Charlottetown Tennis Club,Club:,http://www.charlottetowntennis.com,http://www.charlottetowntennis.com/,Membership:,Open,Tuesdays 4 p.m. - 6 p.m.,Wednesdays 4 p.m. - 6 p.m.,https://www.toronto.ca/services-payments/venues-facilities-bookings/booking-park-recreation-facilities/parks-and-recreation-facilities/parks-and-community-recreation-centres-map/%22#location=65%20%20Charlottetown%20Blvd%20&lat=43.7816672717&lng=-79.1402378204&zoom=15,416-284-3575,Club,Yes,3,
Clydesdale Park,Pleasantview Tennis Club,Club:,http://www.pleasantviewtennis.com,http://www.pleasantviewtennis.com/,Membership:,Open,Saturdays 1 p.m. - 4 p.m.,Sundays 1 p.m. - 4 p.m.,https://www.toronto.ca/services-payments/venues-facilities-bookings/booking-park-recreation-facilities/parks-and-recreation-facilities/parks-and-community-recreation-centres-map/%22#location=116%20%20Clydesdale%20Dr%20&lat=43.7832230865&lng=-79.3294248222&zoom=15,311,Club,Yes,4,
Confederation Park,Centennial Tennis Club,Club:,,,,Open,Mondays 4 p.m. - 6 p.m.,Saturdays 1 p.m. - 3 p.m.,https://www.toronto.ca/services-payments/venues-facilities-bookings/booking-park-recreation-facilities/parks-and-recreation-facilities/parks-and-community-recreation-centres-map/%22#location=250%20%20Dolly%20Varden%20Blvd%20&lat=43.7739195626&lng=-79.2361470713&zoom=15,311,Club,Yes,3,
Cosburn Park,,,,,,,Saturdays 7 p.m. - 11 p.m.,Sundays 9 p.m. - 11 p.m.,https://www.toronto.ca/services-payments/venues-facilities-bookings/booking-park-recreation-facilities/parks-and-recreation-facilities/parks-and-community-recreation-centres-map/%22#location=115%20%20Roosevelt%20Rd%20&lat=43.6929471282&lng=-79.3302786169&zoom=15,311,Club,Yes,5,
Cresthaven Park,Hillcrest Tennis Club,Club:,http://www.hillcresttennisclub.ca,http://www.hillcresttennisclub.ca/,Membership:,Open,Saturdays 12 p.m. - 3 p.m.,Sundays 12 p.m. - 3 p.m.,https://www.toronto.ca/services-payments/venues-facilities-bookings/booking-park-recreation-facilities/parks-and-recreation-facilities/parks-and-community-recreation-centres-map/%22#location=37%20%20Cresthaven%20Dr%20&lat=43.7989881401&lng=-79.3632595734&zoom=15,416-756-2929,Club,Yes,4,
Dunlace Park,Dunlace Tennis Club,Club:,http://www.dunlacetennis.com,http://www.dunlacetennis.com/,Membership:,Open,Fridays 12 p.m. - 3 p.m.,Saturdays 12 p.m. - 3 p.m.,https://www.toronto.ca/services-payments/venues-facilities-bookings/booking-park-recreation-facilities/parks-and-recreation-facilities/parks-and-community-recreation-centres-map/%22#location=28%20Dunlace%20Dr%20&lat=43.7627551751&lng=-79.3684971127&zoom=15,289-809-3061,Club,Yes,3,
Elizabeth Simcoe Park,Guildwood Tennis Club,Club:,http://www.guildwoodtennis.com,http://www.guildwoodtennis.com/,Membership:,Open,Sundays 3 p.m. - 6 p.m.,Saturdays 3 p.m. - 6 p.m.,https://www.toronto.ca/services-payments/venues-facilities-bookings/booking-park-recreation-facilities/parks-and-recreation-facilities/parks-and-community-recreation-centres-map/%22#location=180%20%20Sylvan%20Ave%20&lat=43.7394428294&lng=-79.2047485273&zoom=15,647-228-5821,Club,Yes,4,
Fountainhead Park,Fountainhead Community Tennis Club,Club:,http://www.nyta.org/fountainhead_new.html,http://www.nyta.org/fountainhead_new.html,Membership:,Open,Sundays 12 p.m. - 3 p.m.,Saturdays 12 p.m. - 3 p.m.,https://www.toronto.ca/services-payments/venues-facilities-bookings/booking-park-recreation-facilities/parks-and-recreation-facilities/parks-and-community-recreation-centres-map/%22#location=445%20%20Sentinel%20Rd%20&lat=43.7619604841&lng=-79.4989775676&zoom=15,416-496-0225,Club,Yes,3,
Gwendolen Park,Gwendolen Tennis Club,Club:,http://www.gwendolentennis.com,http://www.gwendolentennis.com/,Membership:,Open,Fridays 5 p.m. - 7 p.m.,Fridays 8 p.m. - 10 p.m.,https://www.toronto.ca/services-payments/venues-facilities-bookings/booking-park-recreation-facilities/parks-and-recreation-facilities/parks-and-community-recreation-centres-map/%22#location=3%20%20Gwendolen%20Cres%20&lat=43.7513187144&lng=-79.4199866692&zoom=15,416-730-0429,Club,Yes,3,
Havenbrook Park,Henry Farm Tennis Club,Club:,http://www.henryfarmtennisclub.ca,http://www.henryfarmtennisclub.ca/,Membership:,Open,Sundays 1 p.m. - 4 p.m.,Saturdays 1 p.m. - 4 p.m.,https://www.toronto.ca/services-payments/venues-facilities-bookings/booking-park-recreation-facilities/parks-and-recreation-facilities/parks-and-community-recreation-centres-map/%22#location=15%20%20Havenbrook%20Blvd.%20&lat=43.7677120823&lng=-79.356629149&zoom=15,416-493-7675,Club,Yes,4,
Hawksbury Park,Bayview Village Tennis Club,Club:,http://www.bayviewvillagetennis.com,http://www.bayviewvillagetennis.com/,,,Saturdays 4 p.m. - 7 p.m.,Sundays 4 p.m. - 7 p.m.,https://www.toronto.ca/services-payments/venues-facilities-bookings/booking-park-recreation-facilities/parks-and-recreation-facilities/parks-and-community-recreation-centres-map/%22#location=1%20A%20Hawksbury%20Dr%20&lat=43.7708575539&lng=-79.3830617488&zoom=15,647-974-5499,Club,Yes,6,
Heron Park,Heron Park Tennis Club,Club:,http://www.heronparktennis.com,http://www.heronparktennis.com/,Membership:,Open,Saturdays 8 p.m. - 11 p.m.,Sundays 8 p.m. - 11 p.m.,https://www.toronto.ca/services-payments/venues-facilities-bookings/booking-park-recreation-facilities/parks-and-recreation-facilities/parks-and-community-recreation-centres-map/%22#location=292%20%20%20Manse%20Rd%20&lat=43.7692842438&lng=-79.1772993978&zoom=15,416-282-4842,Club,Yes,5,
High Park,Howard Park Tennis Club,Club:,http://www.howardparktennis.com,http://www.howardparktennis.com/,Membership:,Waitlist,Fridays 9 p.m. - 11 p.m.,Saturdays 9 p.m. - 11 p.m.,https://www.toronto.ca/services-payments/venues-facilities-bookings/booking-park-recreation-facilities/parks-and-recreation-facilities/parks-and-community-recreation-centres-map/%22#location=1873%20Bloor%20St%20W&lat=43.6468021242&lng=-79.4628353718&zoom=15,416-769-5600,Club,Yes,7,Yes
Hillcrest Park,Wychwood Tennis Club,Club:,http://www.wychwoodtennis.ca,http://www.wychwoodtennis.ca/,Membership:,Waitlist,Saturdays 7 p.m. - 11 p.m.,Sundays 6 p.m. - 11 p.m.,https://www.toronto.ca/services-payments/venues-facilities-bookings/booking-park-recreation-facilities/parks-and-recreation-facilities/parks-and-community-recreation-centres-map/%22#location=950%20%20Davenport%20Rd%20&lat=43.6759841933&lng=-79.4245259326&zoom=15,416 654 6756,Club,Yes,4,Yes
Iroquois Park,Iroquois Tennis Club,Club:,http://www.iroquoistennisclub.ca,http://www.iroquoistennisclub.ca/,Membership:,Open,Mondays 4 p.m. - 6 p.m.,Saturdays 5 p.m. - 7 p.m.,https://www.toronto.ca/services-payments/venues-facilities-bookings/booking-park-recreation-facilities/parks-and-recreation-facilities/parks-and-community-recreation-centres-map/%22#location=295%20%20Chartland%20Blvd%20S&lat=43.803747715&lng=-79.2673200765&zoom=15,311,Club,No,3,
June Rowlands Park,Davisville Tennis Club,Club:,http://www.davisvilletennisclub.com,http://www.davisvilletennisclub.com/,Membership:,Waitlist,Saturdays 9 p.m. - 11 p.m.,"Sundays Courts 1-6, 6 p.m. - 11 p.m.",https://www.toronto.ca/services-payments/venues-facilities-bookings/booking-park-recreation-facilities/parks-and-recreation-facilities/parks-and-community-recreation-centres-map/%22#location=220%20%20Davisville%20Ave%20&lat=43.7006938955&lng=-79.3885304569&zoom=15,416-481-6569,Club,Yes,6,
L'Amoreaux Tennis Centre,Scarborough Winter Tennis Club,Club:,http://www.swtc.ca,http://www.swtc.ca/,,,,,https://www.toronto.ca/services-payments/venues-facilities-bookings/booking-park-recreation-facilities/parks-and-recreation-facilities/parks-and-community-recreation-centres-map/%22#location=300%20%20Silver%20Springs%20Blvd%20&lat=43.805449053&lng=-79.3050267039999&zoom=15,416-396-4041,Club,Yes,5,
Lawrence Park Ravine,Lawrence Park Tennis Club,Club:,http://www.lawrenceparktennisclub.ca,http://www.lawrenceparktennisclub.ca/,Membership:,Waitlist,,,https://www.toronto.ca/services-payments/venues-facilities-bookings/booking-park-recreation-facilities/parks-and-recreation-facilities/parks-and-community-recreation-centres-map/%22#location=51%20Alexander%20Muir%20Rd.%20&lat=43.7222056878&lng=-79.3999718915&zoom=15,311,Club,Yes,3,
Leaside Park,Thorncliffe Park Tennis Club,Club:,http://www.tptc.ca,http://www.tptc.ca/,Membership:,Open,Saturdays 8 p.m. - 11 p.m.,Sundays 8 p.m. - 11 p.m.,https://www.toronto.ca/services-payments/venues-facilities-bookings/booking-park-recreation-facilities/parks-and-recreation-facilities/parks-and-community-recreation-centres-map/%22#location=5%20%20Leaside%20Park%20Dr%20&lat=43.7021962957&lng=-79.35009806&zoom=15,416-429-7108,Club,Yes,6,
Lillian Park,Newtonbrook Tennis Club,Club:,http://www.newtonbrooktennis.com,http://www.newtonbrooktennis.com/,Membership:,Open,Saturdays 12 p.m. - 3 p.m.,Sundays 12 p.m. - 3 p.m.,https://www.toronto.ca/services-payments/venues-facilities-bookings/booking-park-recreation-facilities/parks-and-recreation-facilities/parks-and-community-recreation-centres-map/%22#location=227%20%20Otonabee%20Ave%20&lat=43.7976883865&lng=-79.4079395846&zoom=15,416-512-7432,Club,Yes,3,
Lora Hill Park,,,,,,,,,https://www.toronto.ca/services-payments/venues-facilities-bookings/booking-park-recreation-facilities/parks-and-recreation-facilities/parks-and-community-recreation-centres-map/%22#location=36%20Fernalroy%20Blvd%20&lat=43.6383335775&lng=-79.5148294637&zoom=15,311,Club,Yes,2,Yes
Lytton Park,Lytton Park,Club:,http://www.lyttonparktennis.com,http://www.lyttonparktennis.com/,,,,,https://www.toronto.ca/services-payments/venues-facilities-bookings/booking-park-recreation-facilities/parks-and-recreation-facilities/parks-and-community-recreation-centres-map/%22#location=200%20%20Lytton%20Blvd%20&lat=43.7149211094&lng=-79.4108232766&zoom=15,416-312-5300,Club,Yes,3,
Major Abbas Ali Park,Major Abbas Ali Park,Club:,,,,,Tuesdays 4 p.m. - 6 p.m.,Wednesdays 4 p.m. - 6 p.m.,https://www.toronto.ca/services-payments/venues-facilities-bookings/booking-park-recreation-facilities/parks-and-recreation-facilities/parks-and-community-recreation-centres-map/%22#location=180%20%20Mclevin%20Ave%20&lat=43.8048478217&lng=-79.2306931574&zoom=15,311,Club,Yes,3,
Maryland Park,Dentonia Park Tennis Club,Club:,https://www.dentoniatennis.com,https://www.dentoniatennis.com/,Membership:,Open,Sundays 4:30 p.m. - 11 p.m.,Holidays 8:30 p.m. - 11 p.m.,https://www.toronto.ca/services-payments/venues-facilities-bookings/booking-park-recreation-facilities/parks-and-recreation-facilities/parks-and-community-recreation-centres-map/%22#location=19%20%20Maryland%20Blvd%20&lat=43.6918451978&lng=-79.295201344&zoom=15,416-699-2412,Club,Yes,4,Yes
Maryvale Park,Maryvale Tennis Club,Club:,http://www.maryvaletennis.blogspot.ca,http://www.maryvaletennis.blogspot.ca/,Membership:,Open,Sundays 12 p.m. - 3 p.m.,Saturdays 12 p.m. - 3 p.m.,https://www.toronto.ca/services-payments/venues-facilities-bookings/booking-park-recreation-facilities/parks-and-recreation-facilities/parks-and-community-recreation-centres-map/%22#location=5%20Trestleside%20Grv%20&lat=43.7530814449&lng=-79.3065284999&zoom=15,416-878-5005,Club,Yes,3,Yes
Mimico Memorial Park,Mimico Tennis Club,Club:,http://www.mimicotennisclub.org,http://www.mimicotennisclub.org/,Membership:,Open,,,https://www.toronto.ca/services-payments/venues-facilities-bookings/booking-park-recreation-facilities/parks-and-recreation-facilities/parks-and-community-recreation-centres-map/%22#location=75%20%20Hillside%20Ave%20&lat=43.6098135096&lng=-79.4936683215&zoom=15,311,Club,Yes,3,
Moorevale Park,Moore Park Tennis Club,Club:,http://www.mooretennis.com,http://www.mooretennis.com/,Membership:,Waitlist,Sundays 8 p.m. - 11 p.m.,Saturdays 8 p.m. - 11 p.m.,https://www.toronto.ca/services-payments/venues-facilities-bookings/booking-park-recreation-facilities/parks-and-recreation-facilities/parks-and-community-recreation-centres-map/%22#location=175%20%20Moore%20Ave%20&lat=43.6935039722&lng=-79.3822524663&zoom=15,647-556-7877,Club,Yes,5,
North Bendale Park,North Bendale Tennis Club,Club:,http://www.northbendaletennisclub.org,http://www.northbendaletennisclub.org/,Membership:,Open,Saturdays 9:30 a.m. - 12:30 p.m.,Sundays 9:30 a.m. - 12:30 p.m.,https://www.toronto.ca/services-payments/venues-facilities-bookings/booking-park-recreation-facilities/parks-and-recreation-facilities/parks-and-community-recreation-centres-map/%22#location=40%20%20Erinlea%20Cres%20&lat=43.7697082605&lng=-79.2447949901&zoom=15,416-438-4913,Club,Yes,3,
Old Mill Site Park,York Old Mill Tennis Club,Club:,http://www.oldmilltennis.com,http://www.oldmilltennis.com/,Membership:,Open,Saturdays 5 p.m. - 11 p.m.,Holidays 2 p.m. - 4 p.m.,https://www.toronto.ca/services-payments/venues-facilities-bookings/booking-park-recreation-facilities/parks-and-recreation-facilities/parks-and-community-recreation-centres-map/%22#location=5%20%20Catherine%20St%20&lat=43.6508546958&lng=-79.4902386929&zoom=15,416-763-3088,Club,Yes,4,
Oriole Park - North York,Oriole Park - North York,Club:,,,,,,,https://www.toronto.ca/services-payments/venues-facilities-bookings/booking-park-recreation-facilities/parks-and-recreation-facilities/parks-and-community-recreation-centres-map/%22#location=2955%20%20Don%20Mills%20Rd%20&lat=43.781490886&lng=-79.3510068663&zoom=15,311,Club,Yes,4,
Pine Point Park,Pine Point Tennis Club,Club:,http://www.pinepointtennis.com,http://www.pinepointtennis.com/,Membership:,Open,,,https://www.toronto.ca/services-payments/venues-facilities-bookings/booking-park-recreation-facilities/parks-and-recreation-facilities/parks-and-community-recreation-centres-map/%22#location=4%20Conan%20Rd%20&lat=43.7161585765&lng=-79.5441307178&zoom=15,416-657-2529,Club,Yes,4,Yes
Rennie Park,The Swansea Tennis Club,Club:,http://www.swanseatennis.com,http://www.swanseatennis.com/,Membership:,Open,Saturdays 5 p.m. - 11 p.m.,Holidays 1 p.m. - 3 p.m.,https://www.toronto.ca/services-payments/venues-facilities-bookings/booking-park-recreation-facilities/parks-and-recreation-facilities/parks-and-community-recreation-centres-map/%22#location=1%20%20Rennie%20Terr%20&lat=43.6425865388&lng=-79.4722488073&zoom=15,311,Club,Yes,4,
Rosedale Park,The Rosedale Tennis Club,Club:,http://www.rosedaletennis.com,http://www.rosedaletennis.com/,Membership:,Waitlist,Saturdays 5 p.m. - 9 p.m.,Sundays 4 p.m. - 9 p.m.,https://www.toronto.ca/services-payments/venues-facilities-bookings/booking-park-recreation-facilities/parks-and-recreation-facilities/parks-and-community-recreation-centres-map/%22#location=20%20%20Scholfield%20Ave%20&lat=43.6827794649&lng=-79.3789306778&zoom=15,416-922-7906,Club,No,8,
Rosethorn Park,The Rosethorn Tennis Club,Club:,https://www.rosethorntennisclub.com/,https://www.rosethorntennisclub.com/,Membership:,Waitlist,Saturdays 7 p.m. - 11 p.m.,Sundays 9 p.m. - 11 p.m.,https://www.toronto.ca/services-payments/venues-facilities-bookings/booking-park-recreation-facilities/parks-and-recreation-facilities/parks-and-community-recreation-centres-map/%22#location=26%20%20Remington%20Dr%20&lat=43.6584426506&lng=-79.5391261116&zoom=15,311,Club,Yes,3,
Scarboro Crescent Park,Scarborough Bluffs Tennis Club,Club:,http://www.sbtennis.org,http://www.sbtennis.org/,Membership:,Open,Saturdays 5 p.m. - 8 p.m.,Sundays 5 p.m. - 8 p.m.,https://www.toronto.ca/services-payments/venues-facilities-bookings/booking-park-recreation-facilities/parks-and-recreation-facilities/parks-and-community-recreation-centres-map/%22#location=61%20Undercliff%20Dr%20&lat=43.7038058727&lng=-79.2418181671&zoom=15,416-410-6300,Club,Yes,4,Yes
Scarlett Mills Park,Edenbridge Tennis Club,Club:,https://edenbridgetennis.com/,https://edenbridgetennis.com/,Membership:,Open,Saturdays 8 p.m. - 11 p.m.,Sundays 8 p.m. - 11 p.m.,https://www.toronto.ca/services-payments/venues-facilities-bookings/booking-park-recreation-facilities/parks-and-recreation-facilities/parks-and-community-recreation-centres-map/%22#location=235%20%20Edenbridge%20Dr%20&lat=43.675747482&lng=-79.5106471991&zoom=15,416-279-9940,Club,Yes,4,
Seneca Hill Park,Seneca Hill Tennis Club,Club:,https://senecahilltennisclub.com/,https://senecahilltennisclub.com/,Membership:,Open,Saturdays 2 p.m. - 5 p.m.,Sundays 2 p.m. - 5 p.m.,https://www.toronto.ca/services-payments/venues-facilities-bookings/booking-park-recreation-facilities/parks-and-recreation-facilities/parks-and-community-recreation-centres-map/%22#location=620%20%20Seneca%20Hill%20Dr%20&lat=43.7915047411&lng=-79.3517317119&zoom=15,311,Club,Yes,4,
Seven Oaks Park,Seven Oaks Tennis Club,Club:,,,,Open,Saturdays 3 p.m. - 6 p.m.,Sundays 3 p.m. - 6 p.m.,https://www.toronto.ca/services-payments/venues-facilities-bookings/booking-park-recreation-facilities/parks-and-recreation-facilities/parks-and-community-recreation-centres-map/%22#location=372%20%20Military%20Trl%20&lat=43.7882509494&lng=-79.2105842681&zoom=15,311,Club,Yes,3,
Silver Creek Park,Silver Creek Seniors Tennis Club,Club:,,,,,,,https://www.toronto.ca/services-payments/venues-facilities-bookings/booking-park-recreation-facilities/parks-and-recreation-facilities/parks-and-community-recreation-centres-map/%22#location=44%20%20Strathdee%20Dr.%20&lat=43.6827011213&lng=-79.5434038267&zoom=15,416-244-7286,Club,Yes,3,Yes
Sir Winston Churchill Park,Sir Winston Churchill Tennis Club,Club:,http://www.winstonchurchilltennis.ca,http://www.winstonchurchilltennis.ca/,Membership:,Waitlist,Saturdays 8 p.m. - 11 p.m.,Sundays 6 p.m. - 11 p.m.,https://www.toronto.ca/services-payments/venues-facilities-bookings/booking-park-recreation-facilities/parks-and-recreation-facilities/parks-and-community-recreation-centres-map/%22#location=301%20%20St.%20Clair%20Ave%20W&lat=43.6828812958&lng=-79.408860746&zoom=15,416-924-4558,Club,Yes,7,
Stephen Leacock Park,Stephen Leacock Tennis Club,Club:,http://www.stephenleacock-tennis.ca,http://www.stephenleacock-tennis.ca/,Membership:,Open,Sundays 1 p.m. - 7 p.m.,Holidays 12 p.m. - 2 p.m.,https://www.toronto.ca/services-payments/venues-facilities-bookings/booking-park-recreation-facilities/parks-and-recreation-facilities/parks-and-community-recreation-centres-map/%22#location=2530%20%20Birchmount%20Rd%20&lat=43.7872164775&lng=-79.3024857029&zoom=15,311,Club,Yes,4,
Tam Heather Country Club Grounds,,,,,,,,,https://www.toronto.ca/services-payments/venues-facilities-bookings/booking-park-recreation-facilities/parks-and-recreation-facilities/parks-and-community-recreation-centres-map/%22#location=50%20%20Bonspiel%20Dr%20&lat=43.7914613609999&lng=-79.1977789209999&zoom=15,311,Club,Yes,4,
Thomson Memorial Park,Thomson Park Tennis Club,Club:,,,,Open,Mondays 4 p.m. - 6 p.m.,Tuesdays 4 p.m. - 6 p.m.,https://www.toronto.ca/services-payments/venues-facilities-bookings/booking-park-recreation-facilities/parks-and-recreation-facilities/parks-and-community-recreation-centres-map/%22#location=1005%20%20Brimley%20Rd%20&lat=43.7575786177&lng=-79.2533708865&zoom=15,311,Club,Yes,3,
Three Valleys Park,Parkway Valley Tennis Club,Club:,http://www.pvtc.ca,http://www.pvtc.ca/,,,,,https://www.toronto.ca/services-payments/venues-facilities-bookings/booking-park-recreation-facilities/parks-and-recreation-facilities/parks-and-community-recreation-centres-map/%22#location=82%20%20Three%20Valleys%20Dr%20&lat=43.7505973363&lng=-79.3394444969&zoom=15,416-391-3962,Club,Yes,2,
Tom Riley Park,Central Tennis Club,Club:,http://www.centraltennisclub.com,http://www.centraltennisclub.com/,Membership:,Waitlist,Sundays 8 p.m. - 11 p.m.,Saturdays 8 p.m. - 11 p.m.,https://www.toronto.ca/services-payments/venues-facilities-bookings/booking-park-recreation-facilities/parks-and-recreation-facilities/parks-and-community-recreation-centres-map/%22#location=4725%20%20Dundas%20St.%20W&lat=43.6484570523&lng=-79.5217785888&zoom=15,416-236-2835,Club,Yes,3,Yes
Tournament Park,Tournament Park Tennis Club,Club:,http://www.tournamentpark.com,http://www.tournamentpark.com/,Membership:,Waitlist,Fridays 9 p.m. - 11 p.m.,Saturdays 7 p.m. - 11 p.m.,https://www.toronto.ca/services-payments/venues-facilities-bookings/booking-park-recreation-facilities/parks-and-recreation-facilities/parks-and-community-recreation-centres-map/%22#location=40%20%20Tournament%20Dr%20&lat=43.7515342315&lng=-79.3996976275&zoom=15,416-733-4643,Club,Yes,4,
Trace Manes Park,Leaside Tennis Club,Club:,http://www.leasidetennis.org,http://www.leasidetennis.org/,Membership:,Waitlist,Sundays 9 p.m. - 11 p.m.,Saturdays 7 p.m. - 11 p.m.,https://www.toronto.ca/services-payments/venues-facilities-bookings/booking-park-recreation-facilities/parks-and-recreation-facilities/parks-and-community-recreation-centres-map/%22#location=110%20%20Rumsey%20Rd%20&lat=43.705570191&lng=-79.3674495146&zoom=15,416-467-9350,Club,Yes,6,
Viewmount Park,Viewmount Park Tennis Club,Club:,https://viewmount.ca,https://viewmount.ca/,Membership:,Open,Fridays 7 p.m. - 11 p.m.,Saturdays 9 p.m. - 11 p.m.,https://www.toronto.ca/services-payments/venues-facilities-bookings/booking-park-recreation-facilities/parks-and-recreation-facilities/parks-and-community-recreation-centres-map/%22#location=169%20%20Viewmount%20Ave%20&lat=43.7070287033&lng=-79.4374593876&zoom=15,416-395-6021,Club,Yes,4,
Wanless Park,Wanless Park Tennis Club,Club:,http://www.wanlesstennis.com,http://www.wanlesstennis.com/,Membership:,Waitlist,Saturdays 8 p.m. - 11 p.m.,Sundays 8 p.m. - 11 p.m.,https://www.toronto.ca/services-payments/venues-facilities-bookings/booking-park-recreation-facilities/parks-and-recreation-facilities/parks-and-community-recreation-centres-map/%22#location=250%20%20Wanless%20Ave%20&lat=43.728932197&lng=-79.3920573305&zoom=15,416-483-4546,Club,Yes,5,
West Deane Park,Martingrove Tennis Club,Club:,http://www.martingrovetennis.com,http://www.martingrovetennis.com/,Membership:,Open,Saturdays 5 p.m. - 11 p.m.,Has public hours - Public Hours: 5 PM - 11 PM (Sundays Only),https://www.toronto.ca/services-payments/venues-facilities-bookings/booking-park-recreation-facilities/parks-and-recreation-facilities/parks-and-community-recreation-centres-map/%22#location=19%20%20Sedgebrook%20Cres%20&lat=43.6639989632&lng=-79.5634940078&zoom=15,311,Club,Yes,4,
West Rouge Park,West Rouge Tennis Club,Club:,https://wrtctennis.com/,https://wrtctennis.com/,Membership:,Open,Mondays 4 p.m. - 7 p.m.,Sundays 4 p.m. - 7 p.m.,https://www.toronto.ca/services-payments/venues-facilities-bookings/booking-park-recreation-facilities/parks-and-recreation-facilities/parks-and-community-recreation-centres-map/%22#location=270%20%20Rouge%20Hills%20Dr%20&lat=43.7915901903&lng=-79.1254637314&zoom=15,311,Club,Yes,3,
Weston Lions Park,York Weston Lions Tennis Club,Club:,http://www.ywtc.ca,http://www.ywtc.ca/,Membership:,Open,Fridays 4 p.m. - 8 p.m.,Saturdays 2 p.m. - 4 p.m.,https://www.toronto.ca/services-payments/venues-facilities-bookings/booking-park-recreation-facilities/parks-and-recreation-facilities/parks-and-community-recreation-centres-map/%22#location=2125%20%20Lawrence%20Ave%20W&lat=43.6985583795&lng=-79.5180978282&zoom=15,416-243-7068,Club,Yes,4,
Willowdale Park,North York Tennis Club,Club:,http://www.nytc.ca,http://www.nytc.ca/,Membership:,Open,,,https://www.toronto.ca/services-payments/venues-facilities-bookings/booking-park-recreation-facilities/parks-and-recreation-facilities/parks-and-community-recreation-centres-map/%22#location=75%20%20Hollywood%20Ave%20&lat=43.7663856008&lng=-79.407279077&zoom=15,416-590-9704,Club,Yes,4,
Wishing Well Park,Wishing Well Tennis Club,Club:,http://www.wwtc.sprinterweb.net,http://www.wwtc.sprinterweb.net/,Membership:,Open,Saturdays 1 p.m. - 4 p.m.,Sundays 1 p.m. - 4 p.m.,https://www.toronto.ca/services-payments/venues-facilities-bookings/booking-park-recreation-facilities/parks-and-recreation-facilities/parks-and-community-recreation-centres-map/%22#location=1700%20%20Pharmacy%20Ave%20&lat=43.7698684436&lng=-79.3166203898&zoom=15,416-492-9696,Club,Yes,3,
York Mills Valley Park,Valley Tennis Club,Club:,http://www.valleytennisclub.com,http://www.valleytennisclub.com/,Membership:,Waitlist,Sundays 7 p.m. - 11 p.m.,Saturdays 9 p.m. - 11 p.m.,https://www.toronto.ca/services-payments/venues-facilities-bookings/booking-park-recreation-facilities/parks-and-recreation-facilities/parks-and-community-recreation-centres-map/%22#location=3865%20%20Yonge%20St%20&lat=43.7404834459&lng=-79.4053132032&zoom=15,416-440-0645,Club,Yes,5,